"AWifi","BWifi","CWifi","Cell"
"76","77","72","A"
"76","74","70","A"
"75","79","70","A"
"75","72","71","A"
"72","72","70","A"
"70","73","71","A"
"73","73","71","A"
"75","73","70","A"
"75","73","71","A"
"79","74","71","A"
"78","73","71","A"
"70","73","71","A"
"69","75","71","A"
"78","74","71","A"
"74","73","71","A"
"78","73","71","A"
"75","74","70","A"
"78","75","71","A"
"76","73","71","A"
"77","74","70","A"
"69","73","71","A"
"70","75","71","A"
"80","74","71","A"
"74","73","71","A"
"75","75","71","A"
"77","74","71","A"
"75","73","71","A"
"78","73","71","A"
"77","74","71","A"
"77","73","71","A"
"79","73","71","A"
"75","73","71","A"
"74","75","71","A"
"78","75","70","A"
"74","73","71","A"
"77","74","70","A"
"78","73","70","A"
"78","74","71","A"
"75","73","71","A"
"75","74","71","A"
"71","73","71","A"
"78","73","71","A"
"71","74","71","A"
"75","75","70","A"
"76","73","70","A"
"75","74","71","A"
"71","73","71","A"
"71","73","71","A"
"79","75","71","A"
"79","73","71","A"
"78","73","72","A"
"71","75","71","A"
"75","74","71","A"
"74","74","72","A"
"75","74","71","A"
"78","73","71","A"
"70","73","71","A"
"71","73","71","A"
"70","74","71","A"
"70","73","71","A"
"74","74","71","A"
"79","73","71","A"
"70","73","71","A"
"71","74","71","A"
"71","73","71","A"
"79","73","71","A"
"78","73","70","A"
"71","74","71","A"
"76","74","71","A"
"79","74","71","A"
"75","73","71","A"
"74","74","72","A"
"77","74","71","A"
"79","74","71","A"
"71","74","71","A"
"75","75","70","A"
"75","74","71","A"
"78","74","70","A"
"78","73","71","A"
"70","74","71","A"
"70","75","70","A"
"72","73","70","A"
"77","74","71","A"
"77","76","71","A"
"75","74","71","A"
"77","74","70","A"
"68","74","70","A"
"75","75","70","A"
"71","73","70","A"
"71","74","70","A"
"69","73","70","A"
"75","73","71","A"
"77","73","70","A"
"71","75","70","A"
"71","74","70","A"
"78","74","70","A"
"76","75","70","A"
"74","74","71","A"
"69","73","71","A"
"71","74","70","A"
"68","73","70","A"
"70","73","71","A"
"78","74","70","A"
"76","75","71","A"
"79","74","70","A"
"77","74","70","A"
"68","73","71","A"
"72","73","70","A"
"69","74","70","A"
"75","73","70","A"
"70","74","70","A"
"69","74","70","A"
"77","74","70","A"
"71","73","70","A"
"74","73","70","A"
"67","72","71","A"
"73","77","72","A"
"59","69","79","A"
"57","76","74","A"
"57","69","73","A"
"57","69","75","A"
"58","68","73","A"
"57","70","71","A"
"58","70","72","A"
"58","68","74","A"
"58","68","73","A"
"57","67","73","A"
"57","69","71","A"
"57","68","71","A"
"58","69","70","A"
"57","68","73","A"
"58","67","72","A"
"58","67","73","A"
"57","69","70","A"
"57","69","70","A"
"58","67","71","A"
"58","69","74","A"
"57","68","74","A"
"56","69","70","A"
"60","69","74","A"
"57","68","72","A"
"57","68","69","A"
"57","69","70","A"
"57","69","71","A"
"58","68","74","A"
"58","68","77","A"
"57","68","77","A"
"58","68","77","A"
"58","68","76","A"
"57","68","76","A"
"57","68","77","A"
"57","69","76","A"
"58","69","75","A"
"57","68","75","A"
"58","68","75","A"
"57","69","76","A"
"57","68","76","A"
"58","70","76","A"
"58","69","75","A"
"58","68","75","A"
"59","68","75","A"
"57","68","76","A"
"58","68","76","A"
"56","68","77","A"
"57","68","77","A"
"57","69","77","A"
"57","68","77","A"
"57","67","78","A"
"58","68","77","A"
"57","68","77","A"
"57","70","72","A"
"57","69","74","A"
"57","66","73","A"
"57","69","74","A"
"57","68","77","A"
"58","70","76","A"
"57","70","75","A"
"57","68","76","A"
"56","69","75","A"
"57","69","76","A"
"58","68","74","A"
"58","68","75","A"
"57","69","75","A"
"57","68","73","A"
"57","69","72","A"
"57","69","75","A"
"57","68","73","A"
"58","68","76","A"
"57","70","74","A"
"57","68","74","A"
"58","69","74","A"
"57","68","73","A"
"57","68","74","A"
"57","69","70","A"
"57","69","73","A"
"57","68","72","A"
"57","68","71","A"
"57","68","71","A"
"57","68","72","A"
"58","69","73","A"
"58","69","73","A"
"56","69","72","A"
"58","70","70","A"
"58","66","71","A"
"58","71","71","A"
"57","71","71","A"
"59","70","71","A"
"58","69","70","A"
"61","69","70","A"
"61","72","70","A"
"61","74","67","A"
"59","67","67","A"
"60","77","69","A"
"59","73","69","A"
"59","63","69","A"
"62","63","69","A"
"60","64","69","A"
"61","64","68","A"
"61","64","68","A"
"61","63","66","A"
"59","64","70","A"
"59","63","67","A"
"58","63","68","A"
"60","64","68","A"
"60","64","68","A"
"59","64","67","A"
"60","64","68","A"
"60","62","68","A"
"61","65","68","A"
"61","64","68","A"
"60","63","69","A"
"60","63","68","A"
"60","64","67","A"
"61","63","68","A"
"60","64","68","A"
"58","65","68","A"
"60","63","68","A"
"57","66","68","A"
"59","64","67","A"
"59","64","69","A"
"60","63","66","A"
"60","65","67","A"
"60","64","68","A"
"60","64","67","A"
"60","63","67","A"
"60","63","67","A"
"60","64","68","A"
"60","64","67","A"
"61","63","68","A"
"60","64","67","A"
"60","63","68","A"
"60","64","68","A"
"60","64","68","A"
"60","64","69","A"
"60","64","68","A"
"60","64","68","A"
"60","64","68","A"
"59","64","69","A"
"61","64","66","A"
"61","64","68","A"
"61","63","67","A"
"61","63","67","A"
"60","65","68","A"
"60","64","67","A"
"60","64","68","A"
"60","64","68","A"
"61","64","68","A"
"61","65","66","A"
"61","64","67","A"
"61","63","68","A"
"61","64","66","A"
"61","64","67","A"
"58","65","66","A"
"60","65","67","A"
"65","67","67","A"
"61","67","70","A"
"59","62","65","A"
"59","63","66","A"
"60","62","66","A"
"59","64","67","A"
"60","63","66","A"
"61","64","66","A"
"60","64","66","A"
"59","64","66","A"
"60","64","65","A"
"60","64","66","A"
"60","63","66","A"
"60","64","66","A"
"60","63","68","A"
"59","63","67","A"
"59","61","64","A"
"62","62","69","A"
"61","62","66","A"
"61","66","69","A"
"61","69","77","A"
"63","68","72","A"
"62","68","69","A"
"61","61","71","A"
"59","65","72","A"
"61","67","67","A"
"60","64","64","A"
"63","62","64","A"
"62","63","65","A"
"59","62","67","A"
"58","67","67","A"
"63","61","71","A"
"65","61","73","A"
"60","61","72","A"
"62","60","72","A"
"61","63","75","A"
"66","64","71","A"
"62","63","72","A"
"61","63","70","A"
"60","61","72","A"
"63","63","72","A"
"61","63","73","A"
"61","63","71","A"
"60","62","71","A"
"61","63","71","A"
"61","63","71","A"
"61","62","71","A"
"61","63","72","A"
"61","63","71","A"
"60","63","72","A"
"62","63","71","A"
"60","63","70","A"
"60","63","70","A"
"61","64","70","A"
"61","62","71","A"
"63","62","71","A"
"60","63","70","A"
"60","62","72","A"
"61","62","71","A"
"61","63","71","A"
"61","62","71","A"
"61","62","70","A"
"61","64","70","A"
"61","63","70","A"
"61","63","72","A"
"62","62","71","A"
"60","62","69","A"
"62","63","70","A"
"62","63","71","A"
"61","63","71","A"
"62","62","72","A"
"62","63","70","A"
"61","63","72","A"
"60","64","71","A"
"61","63","71","A"
"62","63","71","A"
"60","63","70","A"
"61","64","71","A"
"61","62","73","A"
"62","62","71","A"
"61","62","71","A"
"63","63","71","A"
"61","64","70","A"
"62","63","71","A"
"62","63","70","A"
"62","63","71","A"
"61","62","71","A"
"61","63","71","A"
"62","62","72","A"
"61","62","71","A"
"62","63","71","A"
"61","62","71","A"
"62","61","72","A"
"62","63","73","A"
"63","63","71","A"
"61","63","69","A"
"62","63","70","A"
"60","62","70","A"
"62","63","72","A"
"62","63","71","A"
"63","64","72","A"
"60","63","72","A"
"60","63","73","A"
"65","62","77","A"
"60","64","74","A"
"63","63","73","A"
"62","63","72","A"
"61","67","72","A"
"63","63","74","A"
"62","63","73","A"
"62","63","74","A"
"62","64","71","A"
"67","63","72","A"
"65","64","72","A"
"62","63","72","A"
"65","64","72","A"
"62","61","71","A"
"67","64","72","A"
"64","63","72","A"
"63","63","73","A"
"63","63","73","A"
"61","62","74","A"
"62","62","73","A"
"61","61","75","A"
"61","62","73","A"
"63","63","71","A"
"60","62","71","A"
"69","62","74","A"
"60","62","75","A"
"61","64","70","A"
"62","63","74","A"
"63","62","72","A"
"65","63","71","A"
"62","64","70","A"
"65","63","70","A"
"65","62","71","A"
"62","63","69","A"
"62","63","75","A"
"64","62","72","A"
"70","64","71","A"
"62","63","71","A"
"62","64","71","A"
"63","64","70","A"
"61","64","71","A"
"63","63","72","A"
"64","63","70","A"
"61","63","70","A"
"63","62","71","A"
"62","63","71","A"
"62","64","71","A"
"61","63","71","A"
"62","62","72","A"
"61","63","71","A"
"61","64","72","A"
"61","62","70","A"
"62","63","71","A"
"65","63","72","A"
"64","64","71","A"
"64","63","74","A"
"66","61","72","A"
"67","63","72","A"
"68","62","71","A"
"67","63","70","A"
"67","63","72","A"
"64","64","72","A"
"63","64","71","A"
"69","64","75","A"
"70","62","73","A"
"64","64","73","A"
"66","62","76","A"
"59","71","69","A"
"55","63","58","B"
"53","80","54","B"
"53","74","57","B"
"55","77","55","B"
"55","78","55","B"
"54","77","54","B"
"55","76","54","B"
"56","75","55","B"
"57","74","54","B"
"54","73","54","B"
"55","78","55","B"
"55","77","55","B"
"54","77","54","B"
"58","76","54","B"
"55","77","55","B"
"55","77","54","B"
"55","77","55","B"
"54","77","55","B"
"54","77","54","B"
"55","76","54","B"
"55","77","55","B"
"55","77","54","B"
"53","75","55","B"
"54","77","54","B"
"54","77","54","B"
"53","75","54","B"
"54","78","55","B"
"54","79","55","B"
"56","78","55","B"
"54","77","55","B"
"53","79","55","B"
"55","77","54","B"
"54","78","54","B"
"54","77","54","B"
"55","76","55","B"
"54","79","54","B"
"54","76","54","B"
"55","78","54","B"
"54","78","54","B"
"54","77","55","B"
"54","77","55","B"
"54","77","54","B"
"56","75","55","B"
"57","76","54","B"
"55","77","55","B"
"54","75","55","B"
"55","76","55","B"
"55","76","55","B"
"54","77","55","B"
"55","77","54","B"
"54","76","55","B"
"55","77","54","B"
"54","77","54","B"
"55","77","54","B"
"54","77","54","B"
"54","76","54","B"
"55","77","54","B"
"54","77","53","B"
"54","77","54","B"
"53","78","54","B"
"55","76","54","B"
"55","77","54","B"
"55","77","54","B"
"54","74","53","B"
"54","76","55","B"
"55","77","55","B"
"55","78","55","B"
"55","78","54","B"
"56","77","54","B"
"56","75","55","B"
"55","77","54","B"
"53","77","54","B"
"54","77","53","B"
"55","78","54","B"
"55","76","55","B"
"54","77","55","B"
"55","75","54","B"
"54","78","55","B"
"55","77","54","B"
"55","75","54","B"
"55","76","56","B"
"54","77","55","B"
"54","77","54","B"
"54","77","54","B"
"53","79","55","B"
"54","73","55","B"
"54","78","54","B"
"54","77","54","B"
"54","77","55","B"
"54","77","54","B"
"54","77","54","B"
"54","77","54","B"
"53","77","55","B"
"55","77","54","B"
"54","78","55","B"
"53","76","55","B"
"54","76","54","B"
"55","78","55","B"
"55","78","54","B"
"54","77","54","B"
"54","77","55","B"
"54","76","54","B"
"58","77","55","B"
"54","75","54","B"
"53","77","55","B"
"55","77","54","B"
"54","77","54","B"
"60","75","54","B"
"59","72","56","B"
"49","61","50","B"
"49","59","50","B"
"65","59","50","B"
"47","60","51","B"
"48","59","51","B"
"48","60","51","B"
"48","59","52","B"
"49","60","51","B"
"48","58","51","B"
"47","58","51","B"
"48","59","52","B"
"48","59","51","B"
"48","58","51","B"
"47","59","51","B"
"48","60","51","B"
"48","59","50","B"
"49","60","51","B"
"48","59","51","B"
"49","60","52","B"
"47","60","51","B"
"48","58","51","B"
"48","60","50","B"
"48","60","51","B"
"48","59","51","B"
"48","59","50","B"
"48","58","51","B"
"48","59","51","B"
"48","60","50","B"
"49","59","50","B"
"48","59","51","B"
"49","59","52","B"
"48","60","50","B"
"48","59","50","B"
"48","59","52","B"
"48","58","52","B"
"47","57","51","B"
"48","58","50","B"
"48","59","50","B"
"49","59","51","B"
"48","60","50","B"
"48","59","51","B"
"47","59","51","B"
"47","59","50","B"
"49","60","50","B"
"48","59","51","B"
"49","60","51","B"
"48","59","50","B"
"48","59","50","B"
"49","59","50","B"
"48","60","51","B"
"48","59","51","B"
"48","58","51","B"
"48","60","51","B"
"61","59","51","B"
"48","57","50","B"
"48","58","51","B"
"48","59","50","B"
"49","59","50","B"
"47","60","51","B"
"48","59","51","B"
"49","59","50","B"
"48","59","50","B"
"48","60","50","B"
"49","59","51","B"
"49","59","51","B"
"49","60","51","B"
"48","59","50","B"
"48","59","50","B"
"48","59","51","B"
"48","59","50","B"
"48","61","50","B"
"60","67","49","B"
"63","65","51","B"
"64","66","49","B"
"57","64","49","B"
"56","65","43","B"
"54","67","43","B"
"56","65","44","B"
"59","65","44","B"
"58","67","44","B"
"57","63","43","B"
"59","64","44","B"
"55","66","44","B"
"58","65","45","B"
"55","67","44","B"
"62","66","44","B"
"60","66","43","B"
"60","66","45","B"
"61","66","44","B"
"58","68","44","B"
"59","66","43","B"
"58","64","43","B"
"58","65","44","B"
"55","65","44","B"
"61","64","44","B"
"59","65","44","B"
"62","67","44","B"
"57","65","43","B"
"58","66","43","B"
"60","66","43","B"
"57","64","43","B"
"58","65","44","B"
"58","65","43","B"
"56","65","44","B"
"62","63","44","B"
"61","69","43","B"
"56","67","43","B"
"59","67","43","B"
"61","65","44","B"
"59","67","45","B"
"59","67","43","B"
"58","68","45","B"
"57","65","44","B"
"58","67","43","B"
"58","66","44","B"
"57","65","43","B"
"59","66","43","B"
"60","65","44","B"
"60","65","43","B"
"57","66","44","B"
"57","66","43","B"
"59","67","44","B"
"57","66","43","B"
"57","65","45","B"
"57","66","43","B"
"57","66","44","B"
"57","66","44","B"
"58","65","44","B"
"57","65","43","B"
"59","65","44","B"
"58","66","43","B"
"59","67","43","B"
"58","68","43","B"
"57","66","44","B"
"57","64","43","B"
"58","65","43","B"
"58","65","43","B"
"57","67","43","B"
"57","66","44","B"
"58","65","44","B"
"58","64","44","B"
"59","65","44","B"
"57","65","44","B"
"56","65","44","B"
"58","66","43","B"
"61","62","44","B"
"51","65","53","B"
"53","69","54","B"
"50","61","53","B"
"53","61","52","B"
"57","60","53","B"
"51","61","53","B"
"52","61","54","B"
"55","63","53","B"
"50","60","53","B"
"53","63","54","B"
"52","60","53","B"
"54","60","53","B"
"51","61","53","B"
"51","60","53","B"
"54","60","53","B"
"50","61","54","B"
"51","58","53","B"
"50","61","54","B"
"51","61","53","B"
"50","61","53","B"
"49","61","54","B"
"52","60","53","B"
"50","60","54","B"
"49","61","53","B"
"50","62","54","B"
"52","60","54","B"
"50","61","54","B"
"50","60","53","B"
"51","61","54","B"
"51","61","54","B"
"50","61","54","B"
"50","60","53","B"
"51","60","54","B"
"51","60","54","B"
"52","60","54","B"
"52","60","54","B"
"51","61","54","B"
"52","61","53","B"
"51","61","53","B"
"50","60","54","B"
"50","60","53","B"
"52","60","53","B"
"51","61","54","B"
"52","60","54","B"
"54","61","53","B"
"53","61","53","B"
"60","61","53","B"
"54","60","53","B"
"58","61","53","B"
"59","60","54","B"
"55","60","55","B"
"51","60","54","B"
"51","60","54","B"
"51","61","53","B"
"53","60","53","B"
"52","61","53","B"
"50","61","53","B"
"53","60","54","B"
"50","60","53","B"
"51","61","54","B"
"53","61","53","B"
"51","60","53","B"
"52","60","54","B"
"52","60","53","B"
"60","61","53","B"
"51","60","53","B"
"52","60","53","B"
"52","61","54","B"
"51","61","53","B"
"51","60","53","B"
"52","61","53","B"
"52","61","54","B"
"52","61","54","B"
"51","60","53","B"
"51","61","54","B"
"51","61","54","B"
"51","59","53","B"
"51","59","53","B"
"59","62","53","B"
"51","61","53","B"
"54","60","53","B"
"58","61","54","B"
"55","61","54","B"
"54","61","53","B"
"52","61","53","B"
"52","62","53","B"
"54","61","54","B"
"51","59","52","B"
"51","59","53","B"
"50","62","53","B"
"54","64","51","B"
"69","62","46","B"
"65","61","45","B"
"64","66","44","B"
"66","61","45","B"
"67","61","45","B"
"65","60","45","B"
"64","61","46","B"
"64","61","46","B"
"67","60","45","B"
"65","60","44","B"
"66","61","44","B"
"65","61","45","B"
"64","60","45","B"
"66","59","45","B"
"68","60","45","B"
"68","60","44","B"
"68","60","45","B"
"65","60","45","B"
"64","61","44","B"
"64","61","45","B"
"68","60","46","B"
"67","60","45","B"
"66","61","45","B"
"65","60","45","B"
"66","60","44","B"
"64","61","45","B"
"66","60","44","B"
"64","61","44","B"
"61","60","45","B"
"64","60","45","B"
"64","59","45","B"
"63","60","44","B"
"64","60","45","B"
"64","60","45","B"
"64","61","44","B"
"65","59","45","B"
"64","60","44","B"
"65","60","46","B"
"63","60","45","B"
"63","61","45","B"
"62","61","45","B"
"62","60","45","B"
"63","61","45","B"
"63","60","44","B"
"65","61","45","B"
"64","61","46","B"
"66","59","44","B"
"64","60","44","B"
"64","60","45","B"
"66","61","45","B"
"64","61","44","B"
"63","61","46","B"
"64","60","45","B"
"63","61","46","B"
"65","61","46","B"
"64","60","45","B"
"64","60","45","B"
"64","61","45","B"
"64","60","45","B"
"64","60","45","B"
"65","60","45","B"
"64","59","45","B"
"65","60","45","B"
"63","59","45","B"
"67","60","45","B"
"66","59","45","B"
"63","60","44","B"
"68","61","45","B"
"65","60","44","B"
"67","61","46","B"
"66","62","45","B"
"66","61","45","B"
"66","60","45","B"
"65","60","44","B"
"66","61","44","B"
"64","62","45","B"
"65","61","44","B"
"65","61","44","B"
"64","62","44","B"
"66","62","44","B"
"66","62","43","B"
"65","60","44","B"
"66","60","44","B"
"65","60","45","B"
"64","60","45","B"
"65","61","44","B"
"64","61","45","B"
"65","61","45","B"
"62","61","44","B"
"62","61","45","B"
"64","62","44","B"
"61","61","44","B"
"65","65","43","B"
"64","63","45","B"
"58","63","46","B"
"47","68","61","C"
"47","67","54","C"
"47","67","53","C"
"54","66","53","C"
"47","65","55","C"
"46","66","54","C"
"47","65","54","C"
"48","66","54","C"
"47","64","54","C"
"47","67","54","C"
"47","65","54","C"
"47","67","54","C"
"47","66","55","C"
"47","63","55","C"
"47","65","54","C"
"47","67","54","C"
"46","64","55","C"
"47","67","55","C"
"46","67","55","C"
"48","65","54","C"
"47","64","54","C"
"48","65","54","C"
"52","67","54","C"
"48","66","54","C"
"47","67","53","C"
"47","68","54","C"
"47","67","53","C"
"47","66","53","C"
"46","67","53","C"
"47","68","53","C"
"53","68","53","C"
"53","66","54","C"
"47","68","53","C"
"52","68","54","C"
"46","66","53","C"
"47","65","53","C"
"47","65","54","C"
"46","64","53","C"
"54","58","53","C"
"47","65","53","C"
"47","61","53","C"
"47","65","53","C"
"53","65","53","C"
"53","65","54","C"
"46","65","53","C"
"52","55","53","C"
"53","66","53","C"
"45","61","54","C"
"55","65","52","C"
"54","69","52","C"
"53","63","53","C"
"47","64","53","C"
"47","63","53","C"
"46","65","53","C"
"48","63","53","C"
"47","66","53","C"
"53","65","53","C"
"48","58","54","C"
"47","63","54","C"
"48","62","53","C"
"46","65","54","C"
"48","68","52","C"
"47","64","53","C"
"47","59","53","C"
"47","63","53","C"
"53","62","53","C"
"48","63","53","C"
"47","64","53","C"
"47","64","53","C"
"47","66","53","C"
"47","63","53","C"
"48","63","52","C"
"47","65","53","C"
"47","62","54","C"
"48","62","53","C"
"47","66","53","C"
"48","65","53","C"
"48","64","53","C"
"47","65","53","C"
"47","65","53","C"
"47","63","53","C"
"46","65","53","C"
"46","65","52","C"
"51","66","53","C"
"47","63","53","C"
"48","66","53","C"
"47","65","53","C"
"47","64","54","C"
"47","64","55","C"
"47","64","53","C"
"46","64","54","C"
"54","64","53","C"
"47","65","53","C"
"47","64","54","C"
"45","63","52","C"
"46","63","54","C"
"46","66","55","C"
"50","68","57","C"
"54","66","54","C"
"54","67","55","C"
"55","67","55","C"
"54","67","55","C"
"54","65","54","C"
"54","66","55","C"
"55","67","54","C"
"54","67","53","C"
"55","67","53","C"
"53","67","54","C"
"53","66","53","C"
"52","65","54","C"
"54","67","56","C"
"51","66","54","C"
"54","67","55","C"
"54","67","54","C"
"50","71","54","C"
"51","68","54","C"
"51","68","62","C"
"52","69","57","C"
"52","70","54","C"
"49","61","53","C"
"49","61","52","C"
"56","61","52","C"
"50","60","52","C"
"56","62","50","C"
"49","61","51","C"
"49","60","56","C"
"49","61","53","C"
"50","63","53","C"
"50","60","52","C"
"50","60","56","C"
"55","62","51","C"
"56","60","56","C"
"50","62","53","C"
"50","63","50","C"
"49","61","51","C"
"56","63","50","C"
"50","62","55","C"
"49","59","50","C"
"49","59","53","C"
"49","60","53","C"
"50","61","53","C"
"49","62","53","C"
"50","62","52","C"
"48","61","52","C"
"54","61","50","C"
"49","61","53","C"
"49","61","55","C"
"49","63","55","C"
"49","62","55","C"
"50","62","51","C"
"49","61","51","C"
"50","59","53","C"
"50","60","51","C"
"50","62","53","C"
"50","61","53","C"
"50","62","52","C"
"56","62","53","C"
"50","61","52","C"
"50","60","53","C"
"50","61","53","C"
"49","62","53","C"
"50","62","54","C"
"50","62","55","C"
"49","61","51","C"
"50","62","51","C"
"50","61","52","C"
"51","61","50","C"
"51","60","54","C"
"57","60","54","C"
"50","61","51","C"
"49","62","52","C"
"48","60","51","C"
"50","59","52","C"
"49","61","51","C"
"50","61","51","C"
"48","60","52","C"
"49","60","52","C"
"50","63","54","C"
"49","61","53","C"
"50","61","49","C"
"51","63","51","C"
"56","62","50","C"
"51","63","50","C"
"51","62","51","C"
"50","62","52","C"
"55","62","52","C"
"55","62","52","C"
"55","61","51","C"
"50","61","52","C"
"50","61","53","C"
"51","61","51","C"
"50","62","55","C"
"55","61","53","C"
"51","61","52","C"
"54","60","54","C"
"53","65","49","C"
"54","63","58","C"
"54","61","57","C"
"66","61","60","C"
"54","61","59","C"
"64","63","58","C"
"54","63","60","C"
"54","62","57","C"
"53","62","58","C"
"54","62","61","C"
"64","63","59","C"
"55","61","60","C"
"56","61","60","C"
"66","63","61","C"
"54","61","60","C"
"65","61","63","C"
"54","63","59","C"
"54","62","58","C"
"60","60","60","C"
"59","63","59","C"
"54","62","59","C"
"54","63","61","C"
"55","63","59","C"
"60","63","59","C"
"55","63","60","C"
"55","62","59","C"
"64","62","60","C"
"67","62","61","C"
"54","62","60","C"
"63","62","60","C"
"54","62","60","C"
"62","61","60","C"
"58","61","59","C"
"65","63","60","C"
"55","63","59","C"
"66","61","61","C"
"54","62","59","C"
"54","63","59","C"
"60","62","60","C"
"65","63","58","C"
"66","63","57","C"
"55","62","58","C"
"56","62","58","C"
"55","62","62","C"
"55","62","60","C"
"55","62","62","C"
"55","62","64","C"
"65","68","63","C"
"65","63","62","C"
"54","62","64","C"
"55","63","61","C"
"63","63","63","C"
"55","64","63","C"
"56","60","67","C"
"60","60","61","C"
"54","61","68","C"
"54","60","68","C"
"55","61","65","C"
"54","62","65","C"
"53","63","65","C"
"54","62","63","C"
"55","63","63","C"
"54","63","63","C"
"69","63","63","C"
"54","64","64","C"
"51","61","67","C"
"52","60","59","C"
"53","61","61","C"
"54","61","61","C"
"53","61","61","C"
"54","62","60","C"
"56","61","61","C"
"53","62","62","C"
"54","60","62","C"
"67","60","60","C"
"65","64","62","C"
"52","64","62","C"
"53","63","62","C"
"67","64","61","C"
"54","63","64","C"
"67","61","63","C"
"69","63","66","C"
"68","61","64","C"
"52","62","65","C"
"61","62","66","C"
"52","61","62","C"
"61","67","49","C"
"61","60","48","C"
"61","60","48","C"
"55","61","47","C"
"60","59","48","C"
"53","63","47","C"
"54","60","48","C"
"54","60","47","C"
"53","59","47","C"
"54","59","48","C"
"54","62","47","C"
"54","61","48","C"
"54","61","47","C"
"54","61","48","C"
"54","62","48","C"
"54","60","48","C"
"55","61","46","C"
"60","61","48","C"
"59","60","47","C"
"60","60","47","C"
"59","60","48","C"
"60","60","47","C"
"59","61","47","C"
"57","61","46","C"
"59","60","47","C"
"59","61","46","C"
"55","61","47","C"
"54","62","46","C"
"60","62","48","C"
"59","61","48","C"
"54","64","47","C"
"54","60","48","C"
"53","60","48","C"
"53","60","47","C"
"66","60","47","C"
"59","60","48","C"
"60","60","48","C"
"59","61","48","C"
"55","61","47","C"
"53","61","47","C"
"54","59","48","C"
"59","59","48","C"
"55","59","47","C"
"54","59","48","C"
"54","63","48","C"
"55","59","48","C"
"61","61","47","C"
"60","60","48","C"
"55","61","48","C"
"60","61","47","C"
"55","61","48","C"
"54","61","48","C"
"54","64","47","C"
"54","60","47","C"
"55","60","47","C"
"54","64","48","C"
"59","64","47","C"
"60","64","48","C"
"55","59","48","C"
"55","63","48","C"
"56","60","48","C"
"54","60","47","C"
"55","60","48","C"
"58","60","47","C"
"55","60","47","C"
"61","60","48","C"
"54","60","47","C"
"60","59","47","C"
"54","60","47","C"
"58","59","48","C"
"58","59","47","C"
"60","59","48","C"
"67","62","48","C"
"58","59","47","C"
"60","58","48","C"
"59","61","48","C"
"55","59","47","C"
"55","59","48","C"
"60","59","48","C"
"54","59","48","C"
"59","59","48","C"
"54","60","48","C"
"55","62","47","C"
"60","59","47","C"
"60","60","48","C"
"61","61","48","C"
"59","62","48","C"
"58","60","48","C"
"55","64","47","C"
"54","61","47","C"
"60","61","48","C"
"61","62","47","C"
"58","62","48","C"
"59","61","47","C"
"55","59","47","C"
"55","60","47","C"
"59","58","47","C"
"69","76","46","C"
"60","76","46","C"
"63","70","45","C"
"64","71","45","C"
"63","75","45","C"
"64","73","46","C"
"63","74","46","C"
"57","74","46","C"
"59","70","46","C"
"60","71","46","C"
"64","72","46","C"
"61","72","45","C"
"61","72","45","C"
"61","71","45","C"
"61","70","45","C"
"60","71","45","C"
"61","73","45","C"
"60","75","45","C"
"66","73","45","C"
"60","71","45","C"
"60","74","45","C"
"61","73","46","C"
"65","72","45","C"
"59","71","46","C"
"60","73","46","C"
"60","73","45","C"
"61","74","46","C"
"64","71","46","C"
"60","74","46","C"
"61","70","46","C"
"61","72","45","C"
"61","72","45","C"
"61","73","45","C"
"60","70","45","C"
"61","70","46","C"
"61","72","46","C"
"60","72","46","C"
"61","73","46","C"
"61","71","45","C"
"61","72","46","C"
"60","71","46","C"
"61","72","46","C"
"60","72","46","C"
"61","72","45","C"
"60","73","46","C"
"60","73","45","C"
"60","72","45","C"
"61","79","45","C"
"60","73","45","C"
"60","71","45","C"
"60","71","45","C"
"59","71","45","C"
"61","70","45","C"
"60","73","45","C"
"61","70","45","C"
"61","74","44","C"
"60","73","45","C"
"60","74","45","C"
"61","71","46","C"
"59","73","46","C"
"60","73","45","C"
"60","73","45","C"
"60","71","46","C"
"60","71","46","C"
"60","72","46","C"
"62","72","46","C"
"61","73","46","C"
"61","72","45","C"
"62","70","45","C"
"61","72","45","C"
"63","72","46","C"
"61","70","46","C"
"62","72","46","C"
"61","71","46","C"
"61","73","45","C"
"61","73","46","C"
"60","73","45","C"
"61","69","46","C"
"61","69","46","C"
"61","71","45","C"
"61","70","46","C"
"59","72","46","C"
"60","72","46","C"
"60","71","46","C"
"60","71","46","C"
"59","72","45","C"
"62","73","45","C"
"61","72","46","C"
"48","65","52","D"
"50","69","52","D"
"49","69","53","D"
"50","68","51","D"
"49","69","52","D"
"49","70","52","D"
"49","67","51","D"
"48","68","52","D"
"49","70","52","D"
"50","70","51","D"
"49","68","52","D"
"49","67","51","D"
"50","68","53","D"
"49","66","52","D"
"50","68","53","D"
"51","68","52","D"
"53","67","53","D"
"49","70","52","D"
"53","70","50","D"
"51","70","51","D"
"50","70","50","D"
"50","68","53","D"
"50","70","52","D"
"49","69","53","D"
"49","69","52","D"
"51","70","52","D"
"49","68","52","D"
"51","70","51","D"
"51","70","51","D"
"51","69","52","D"
"51","68","51","D"
"51","67","52","D"
"50","72","52","D"
"50","68","52","D"
"50","66","52","D"
"49","69","52","D"
"50","68","52","D"
"50","68","53","D"
"49","68","54","D"
"50","69","51","D"
"51","70","52","D"
"50","71","52","D"
"50","70","54","D"
"52","70","50","D"
"53","71","50","D"
"51","70","52","D"
"51","72","51","D"
"50","70","51","D"
"49","74","53","D"
"50","71","52","D"
"58","72","52","D"
"59","69","51","D"
"50","70","54","D"
"51","72","51","D"
"57","69","51","D"
"50","72","53","D"
"58","69","52","D"
"58","70","51","D"
"50","70","51","D"
"51","70","51","D"
"50","70","51","D"
"59","73","52","D"
"49","69","53","D"
"60","69","52","D"
"50","70","52","D"
"49","69","51","D"
"50","69","52","D"
"51","69","52","D"
"50","68","53","D"
"51","69","52","D"
"51","71","51","D"
"51","69","52","D"
"50","68","53","D"
"50","69","52","D"
"51","68","51","D"
"60","69","50","D"
"51","63","51","D"
"57","69","51","D"
"51","69","51","D"
"59","69","51","D"
"51","68","52","D"
"50","68","52","D"
"49","69","53","D"
"61","72","53","D"
"49","69","52","D"
"51","69","52","D"
"49","69","53","D"
"50","72","52","D"
"51","69","52","D"
"49","70","53","D"
"50","71","53","D"
"66","69","52","D"
"50","68","51","D"
"50","68","51","D"
"51","70","53","D"
"50","71","54","D"
"58","68","52","D"
"50","69","53","D"
"58","69","52","D"
"58","69","53","D"
"50","68","53","D"
"59","69","52","D"
"59","69","51","D"
"52","69","51","D"
"50","69","52","D"
"50","69","52","D"
"50","69","53","D"
"58","69","52","D"
"52","68","53","D"
"52","69","52","D"
"52","69","52","D"
"52","69","51","D"
"51","69","52","D"
"64","69","52","D"
"50","69","52","D"
"50","72","53","D"
"50","72","52","D"
"51","71","51","D"
"50","72","52","D"
"51","69","52","D"
"50","72","52","D"
"51","72","52","D"
"50","72","51","D"
"51","72","51","D"
"52","71","52","D"
"59","72","52","D"
"50","72","52","D"
"50","72","51","D"
"51","69","51","D"
"52","69","52","D"
"50","69","53","D"
"50","69","52","D"
"50","70","52","D"
"52","70","52","D"
"50","69","51","D"
"54","69","52","D"
"54","68","52","D"
"52","70","51","D"
"52","71","56","D"
"52","72","57","D"
"54","71","56","D"
"52","73","56","D"
"53","72","55","D"
"52","74","55","D"
"52","72","56","D"
"53","71","55","D"
"53","70","56","D"
"52","72","55","D"
"52","71","53","D"
"52","72","55","D"
"53","68","56","D"
"53","72","56","D"
"52","72","55","D"
"53","72","55","D"
"53","72","56","D"
"53","72","56","D"
"52","71","56","D"
"54","72","56","D"
"53","70","56","D"
"53","71","57","D"
"53","72","57","D"
"53","71","56","D"
"53","71","57","D"
"53","72","57","D"
"52","70","55","D"
"52","72","56","D"
"54","72","56","D"
"53","72","57","D"
"53","63","55","D"
"53","72","57","D"
"53","70","56","D"
"53","70","56","D"
"53","72","56","D"
"52","66","56","D"
"55","74","56","D"
"53","72","56","D"
"53","69","57","D"
"57","71","57","D"
"52","71","56","D"
"51","72","55","D"
"52","72","55","D"
"53","71","57","D"
"53","73","57","D"
"53","75","57","D"
"53","65","57","D"
"53","73","57","D"
"52","71","57","D"
"52","71","56","D"
"54","71","56","D"
"53","73","56","D"
"53","73","57","D"
"53","73","56","D"
"54","73","57","D"
"53","72","55","D"
"53","72","56","D"
"53","72","56","D"
"53","73","55","D"
"53","73","56","D"
"53","72","55","D"
"53","72","54","D"
"52","72","54","D"
"54","72","55","D"
"53","73","55","D"
"52","72","56","D"
"52","74","55","D"
"53","73","56","D"
"65","73","55","D"
"53","73","56","D"
"52","73","56","D"
"54","72","58","D"
"53","74","56","D"
"53","73","56","D"
"54","73","56","D"
"54","73","55","D"
"53","73","56","D"
"53","74","56","D"
"52","73","55","D"
"52","74","56","D"
"53","72","56","D"
"64","72","56","D"
"52","74","56","D"
"54","73","55","D"
"52","75","56","D"
"53","74","55","D"
"53","73","55","D"
"53","72","55","D"
"52","73","55","D"
"52","73","55","D"
"54","76","54","D"
"53","72","56","D"
"54","73","55","D"
"54","73","59","D"
"53","73","57","D"
"53","72","56","D"
"53","72","59","D"
"54","72","57","D"
"52","72","56","D"
"53","69","55","D"
"53","73","55","D"
"64","72","55","D"
"53","73","55","D"
"55","73","56","D"
"52","73","55","D"
"52","73","55","D"
"53","73","56","D"
"52","73","56","D"
"63","73","56","D"
"52","75","56","D"
"53","73","55","D"
"65","72","56","D"
"53","72","56","D"
"51","72","56","D"
"59","71","56","D"
"51","61","55","D"
"53","60","55","D"
"52","59","55","D"
"52","59","55","D"
"52","59","56","D"
"51","59","54","D"
"52","60","54","D"
"53","64","55","D"
"53","60","54","D"
"59","59","55","D"
"53","66","55","D"
"53","58","53","D"
"53","60","54","D"
"54","60","55","D"
"53","59","55","D"
"53","59","54","D"
"55","59","56","D"
"52","59","55","D"
"53","65","55","D"
"53","59","56","D"
"52","59","54","D"
"53","61","56","D"
"53","60","56","D"
"52","60","55","D"
"52","60","55","D"
"53","60","55","D"
"53","59","56","D"
"53","59","55","D"
"53","60","57","D"
"53","60","56","D"
"53","60","56","D"
"53","61","56","D"
"52","60","56","D"
"53","60","57","D"
"53","61","57","D"
"53","60","57","D"
"55","59","56","D"
"53","59","57","D"
"52","60","57","D"
"53","60","56","D"
"52","60","57","D"
"61","60","56","D"
"52","60","56","D"
"54","61","57","D"
"53","61","56","D"
"63","60","54","D"
"64","59","54","D"
"54","59","55","D"
"53","69","54","D"
"64","59","55","D"
"55","61","54","D"
"67","60","55","D"
"55","61","57","D"
"56","60","57","D"
"55","61","56","D"
"54","60","56","D"
"54","60","55","D"
"67","61","55","D"
"53","60","54","D"
"55","62","57","D"
"56","60","57","D"
"54","59","56","D"
"55","60","57","D"
"55","60","57","D"
"55","61","57","D"
"56","60","59","D"
"56","64","58","D"
"56","60","57","D"
"57","60","58","D"
"55","61","57","D"
"54","60","56","D"
"55","60","58","D"
"54","60","58","D"
"54","60","58","D"
"54","60","58","D"
"57","60","57","D"
"52","60","55","D"
"52","60","58","D"
"52","60","57","D"
"52","60","57","D"
"53","60","57","D"
"51","60","57","D"
"54","60","56","D"
"52","60","56","D"
"52","61","55","D"
"52","60","56","D"
"53","60","57","D"
"52","61","57","D"
"52","60","56","D"
"53","61","56","D"
"52","59","57","D"
"52","60","57","D"
"52","60","57","D"
"52","59","57","D"
"53","61","57","D"
"54","61","55","D"
"54","63","54","D"
"53","61","55","D"
"55","61","56","D"
"63","67","53","D"
"57","64","53","D"
"54","64","53","D"
"55","65","53","D"
"54","63","53","D"
"45","58","60","D"
"40","58","60","D"
"41","58","60","D"
"42","59","64","D"
"41","56","61","D"
"45","58","62","D"
"40","57","60","D"
"45","59","60","D"
"51","59","60","D"
"51","58","62","D"
"41","59","64","D"
"44","58","65","D"
"51","58","65","D"
"40","58","63","D"
"50","58","66","D"
"41","58","63","D"
"44","57","63","D"
"39","59","65","D"
"40","59","64","D"
"41","59","64","D"
"41","58","64","D"
"50","57","65","D"
"50","59","66","D"
"40","57","64","D"
"51","58","65","D"
"52","57","64","D"
"41","59","64","D"
"41","57","62","D"
"44","56","62","D"
"42","56","66","D"
"44","57","67","D"
"40","58","66","D"
"43","58","60","D"
"45","57","62","D"
"50","57","63","D"
"41","59","63","D"
"45","59","61","D"
"51","58","63","D"
"51","55","62","D"
"52","54","63","D"
"52","57","63","D"
"53","57","62","D"
"57","58","61","D"
"53","58","62","D"
"52","58","63","D"
"51","58","62","D"
"52","58","62","D"
"41","58","63","D"
"41","57","62","D"
"51","58","61","D"
"41","58","62","D"
"41","58","63","D"
"44","58","64","D"
"51","58","63","D"
"41","58","63","D"
"40","58","63","D"
"39","59","62","D"
"51","59","63","D"
"39","58","63","D"
"44","58","63","D"
"40","58","64","D"
"41","57","64","D"
"51","59","64","D"
"52","57","64","D"
"55","57","64","D"
"42","57","64","D"
"51","56","64","D"
"44","57","63","D"
"51","56","64","D"
"51","56","63","D"
"50","56","65","D"
"42","56","64","D"
"51","56","66","D"
"51","56","64","D"
"52","59","64","D"
"51","58","61","D"
"39","58","62","D"
"51","59","62","D"
"51","57","65","D"
"51","58","63","D"
"50","58","64","D"
"45","57","63","D"
"44","58","64","D"
"44","56","62","D"
"78","89","80","E"
"74","91","79","E"
"79","91","77","E"
"75","91","79","E"
"76","91","80","E"
"76","91","78","E"
"75","91","78","E"
"75","88","79","E"
"76","86","79","E"
"76","86","79","E"
"76","86","80","E"
"76","86","79","E"
"75","86","79","E"
"77","86","79","E"
"76","86","77","E"
"74","86","79","E"
"75","86","78","E"
"76","87","78","E"
"75","86","78","E"
"75","90","78","E"
"75","87","79","E"
"75","87","77","E"
"73","86","78","E"
"75","86","78","E"
"75","86","78","E"
"75","86","78","E"
"77","86","77","E"
"77","86","78","E"
"78","86","77","E"
"77","86","78","E"
"75","86","78","E"
"77","88","78","E"
"78","91","79","E"
"77","85","78","E"
"76","85","78","E"
"78","92","78","E"
"78","90","78","E"
"74","87","78","E"
"76","87","79","E"
"76","90","79","E"
"75","90","79","E"
"77","90","77","E"
"76","90","78","E"
"76","90","76","E"
"76","90","77","E"
"72","90","77","E"
"81","90","78","E"
"78","90","78","E"
"75","86","77","E"
"79","86","77","E"
"77","89","78","E"
"74","89","78","E"
"76","85","80","E"
"75","87","76","E"
"74","87","77","E"
"77","87","78","E"
"77","91","78","E"
"77","86","80","E"
"74","86","76","E"
"76","86","80","E"
"76","86","80","E"
"76","85","80","E"
"75","87","78","E"
"78","87","80","E"
"77","87","78","E"
"76","87","79","E"
"75","87","78","E"
"75","87","79","E"
"76","87","79","E"
"79","87","80","E"
"71","89","72","E"
"71","85","72","E"
"70","85","71","E"
"73","85","71","E"
"75","91","72","E"
"69","91","71","E"
"68","91","75","E"
"70","91","71","E"
"70","91","72","E"
"71","91","73","E"
"72","90","72","E"
"69","90","73","E"
"69","90","73","E"
"70","90","73","E"
"69","86","73","E"
"69","86","73","E"
"69","89","72","E"
"69","89","72","E"
"69","89","73","E"
"69","89","73","E"
"70","89","72","E"
"69","89","72","E"
"71","89","71","E"
"70","89","73","E"
"71","89","71","E"
"72","90","71","E"
"72","90","69","E"
"77","90","73","E"
"68","90","73","E"
"68","90","71","E"
"70","90","71","E"
"70","90","71","E"
"69","90","71","E"
"70","90","70","E"
"70","85","71","E"
"71","85","71","E"
"70","85","71","E"
"70","89","71","E"
"80","89","72","E"
"69","89","71","E"
"69","84","72","E"
"69","85","73","E"
"70","83","72","E"
"70","90","72","E"
"69","90","72","E"
"69","90","72","E"
"72","90","73","E"
"70","90","73","E"
"71","90","73","E"
"72","90","73","E"
"69","85","72","E"
"70","85","72","E"
"69","85","71","E"
"70","85","72","E"
"70","85","71","E"
"69","85","71","E"
"69","85","72","E"
"70","85","72","E"
"70","85","72","E"
"70","92","72","E"
"70","92","72","E"
"71","92","73","E"
"70","92","71","E"
"71","92","72","E"
"70","92","71","E"
"70","92","70","E"
"70","92","71","E"
"69","92","72","E"
"68","85","71","E"
"70","85","72","E"
"69","85","72","E"
"68","85","72","E"
"69","85","72","E"
"68","82","72","E"
"70","83","73","E"
"69","83","72","E"
"70","83","72","E"
"70","83","73","E"
"69","83","72","E"
"70","83","72","E"
"69","83","72","E"
"70","83","72","E"
"69","83","72","E"
"69","84","73","E"
"69","83","71","E"
"70","83","72","E"
"71","83","72","E"
"80","83","72","E"
"61","80","79","E"
"62","80","76","E"
"60","80","76","E"
"60","80","75","E"
"61","80","76","E"
"60","83","77","E"
"61","83","77","E"
"61","83","77","E"
"60","83","76","E"
"60","84","76","E"
"60","84","76","E"
"60","84","76","E"
"60","84","75","E"
"60","84","75","E"
"61","84","75","E"
"60","86","75","E"
"61","86","76","E"
"60","86","76","E"
"60","86","75","E"
"60","86","75","E"
"67","86","76","E"
"60","86","76","E"
"66","85","76","E"
"60","85","76","E"
"60","82","76","E"
"66","82","76","E"
"60","82","79","E"
"61","82","76","E"
"61","82","76","E"
"60","82","76","E"
"62","83","78","E"
"62","83","77","E"
"61","84","79","E"
"63","84","78","E"
"60","84","77","E"
"61","84","76","E"
"61","84","76","E"
"66","84","77","E"
"61","84","77","E"
"60","84","77","E"
"61","84","76","E"
"67","84","76","E"
"60","85","76","E"
"61","85","76","E"
"61","85","77","E"
"60","85","76","E"
"76","85","77","E"
"61","84","78","E"
"60","84","77","E"
"60","84","78","E"
"61","84","76","E"
"62","84","76","E"
"60","83","76","E"
"61","82","76","E"
"62","82","77","E"
"62","82","76","E"
"61","82","76","E"
"61","82","76","E"
"61","82","76","E"
"62","82","77","E"
"60","84","76","E"
"61","84","75","E"
"60","84","76","E"
"61","83","75","E"
"66","83","76","E"
"60","85","76","E"
"60","85","76","E"
"61","85","75","E"
"60","85","75","E"
"59","85","76","E"
"77","83","76","E"
"63","83","75","E"
"60","83","76","E"
"60","83","76","E"
"59","83","77","E"
"60","82","75","E"
"61","82","76","E"
"60","83","76","E"
"60","83","76","E"
"60","83","76","E"
"60","83","76","E"
"61","83","77","E"
"61","83","75","E"
"60","83","77","E"
"60","83","76","E"
"59","83","79","E"
"66","83","77","E"
"63","83","79","E"
"65","84","75","E"
"64","83","78","E"
"64","77","78","E"
"66","75","77","E"
"65","75","78","E"
"64","75","78","E"
"66","91","78","E"
"63","91","78","E"
"66","91","78","E"
"66","91","77","E"
"63","91","77","E"
"64","91","77","E"
"63","91","76","E"
"65","91","77","E"
"65","91","79","E"
"67","89","76","E"
"66","89","78","E"
"70","89","77","E"
"64","89","75","E"
"66","89","74","E"
"63","89","74","E"
"70","89","76","E"
"66","89","76","E"
"69","89","77","E"
"67","88","77","E"
"64","88","76","E"
"66","91","77","E"
"66","91","75","E"
"65","91","75","E"
"65","91","75","E"
"66","91","76","E"
"66","91","76","E"
"65","91","78","E"
"66","91","78","E"
"65","91","78","E"
"64","91","78","E"
"68","91","77","E"
"67","91","78","E"
"73","91","78","E"
"74","90","78","E"
"65","90","78","E"
"76","90","78","E"
"64","90","78","E"
"67","90","78","E"
"73","90","76","E"
"64","89","77","E"
"67","89","77","E"
"66","89","78","E"
"66","91","77","E"
"65","91","77","E"
"64","91","78","E"
"66","91","78","E"
"65","91","77","E"
"64","91","78","E"
"65","91","78","E"
"65","91","78","E"
"73","91","78","E"
"61","82","71","E"
"60","75","72","E"
"61","74","71","E"
"60","73","70","E"
"60","75","72","E"
"61","74","71","E"
"60","75","74","E"
"60","73","74","E"
"61","74","72","E"
"60","74","72","E"
"60","72","72","E"
"60","74","72","E"
"60","74","72","E"
"60","74","73","E"
"61","73","73","E"
"60","74","72","E"
"60","74","74","E"
"61","74","73","E"
"60","74","73","E"
"60","74","73","E"
"60","74","74","E"
"60","74","73","E"
"60","74","74","E"
"60","74","73","E"
"60","73","74","E"
"59","74","73","E"
"60","74","73","E"
"61","74","74","E"
"61","73","74","E"
"60","75","74","E"
"59","74","72","E"
"59","73","74","E"
"60","74","74","E"
"60","75","73","E"
"60","75","73","E"
"59","75","73","E"
"60","72","73","E"
"60","75","72","E"
"60","73","73","E"
"60","75","72","E"
"61","75","73","E"
"60","76","73","E"
"60","76","73","E"
"60","74","73","E"
"60","74","73","E"
"60","75","71","E"
"58","76","73","E"
"60","74","72","E"
"60","74","73","E"
"60","74","73","E"
"60","75","73","E"
"60","73","73","E"
"61","74","73","E"
"60","75","70","E"
"59","74","73","E"
"60","74","72","E"
"58","75","71","E"
"62","75","71","E"
"61","75","71","E"
"61","74","72","E"
"60","74","73","E"
"59","75","72","E"
"59","75","72","E"
"59","75","72","E"
"58","75","73","E"
"58","75","73","E"
"59","75","73","E"
"60","74","72","E"
"60","74","73","E"
"62","75","72","E"
"61","76","73","E"
"60","75","73","E"
"61","75","73","E"
"61","75","72","E"
"60","75","73","E"
"61","75","73","E"
"60","75","74","E"
"61","75","73","E"
"60","74","73","E"
"60","75","72","E"
"59","75","72","E"
"60","75","72","E"
"60","75","73","E"
"60","74","73","E"
"60","75","74","E"
"61","74","73","E"
"60","75","74","E"
"60","74","73","E"
"60","74","73","E"
"60","75","73","E"
"59","74","73","E"
"59","75","73","E"
"60","74","74","E"
"61","75","73","E"
"60","75","73","E"
"60","75","73","E"
"60","75","72","E"
"60","74","72","E"
"60","75","71","E"
"63","75","70","E"
"59","82","65","F"
"59","74","58","F"
"56","72","57","F"
"58","72","58","F"
"59","72","57","F"
"56","76","58","F"
"56","75","58","F"
"56","71","57","F"
"57","72","56","F"
"55","72","56","F"
"61","73","57","F"
"59","73","55","F"
"71","73","56","F"
"68","72","57","F"
"56","73","57","F"
"55","73","57","F"
"56","72","58","F"
"56","72","57","F"
"56","73","56","F"
"56","73","57","F"
"60","72","57","F"
"60","71","57","F"
"55","72","56","F"
"69","72","57","F"
"58","70","57","F"
"55","75","57","F"
"68","73","56","F"
"56","72","57","F"
"55","72","57","F"
"57","72","56","F"
"57","71","57","F"
"58","72","57","F"
"69","73","58","F"
"56","73","56","F"
"56","72","58","F"
"56","73","57","F"
"57","73","57","F"
"69","72","56","F"
"70","73","56","F"
"55","71","56","F"
"56","72","56","F"
"59","73","56","F"
"56","73","57","F"
"56","73","57","F"
"56","72","56","F"
"57","73","57","F"
"72","73","56","F"
"55","72","56","F"
"55","72","57","F"
"72","72","58","F"
"56","72","57","F"
"56","72","57","F"
"56","75","57","F"
"56","72","57","F"
"60","73","56","F"
"56","77","56","F"
"56","74","57","F"
"68","73","57","F"
"55","72","58","F"
"56","72","56","F"
"56","73","57","F"
"57","71","56","F"
"68","71","58","F"
"56","72","57","F"
"57","73","56","F"
"56","71","57","F"
"56","72","57","F"
"56","72","56","F"
"56","73","57","F"
"57","72","57","F"
"56","73","57","F"
"59","73","57","F"
"58","74","57","F"
"68","74","57","F"
"57","72","57","F"
"61","73","56","F"
"59","78","58","F"
"54","74","57","F"
"55","71","57","F"
"55","71","57","F"
"55","72","57","F"
"60","72","56","F"
"62","72","57","F"
"54","73","57","F"
"56","73","57","F"
"58","71","57","F"
"72","73","57","F"
"73","73","58","F"
"62","73","61","F"
"63","73","68","F"
"57","74","56","F"
"57","75","58","F"
"55","74","60","F"
"56","76","59","F"
"55","75","58","F"
"56","76","58","F"
"56","76","59","F"
"60","77","58","F"
"55","76","58","F"
"56","76","58","F"
"55","76","58","F"
"56","75","59","F"
"60","73","58","F"
"55","76","58","F"
"58","74","58","F"
"56","75","58","F"
"56","77","57","F"
"56","76","59","F"
"56","76","58","F"
"55","76","58","F"
"55","72","59","F"
"55","75","58","F"
"74","75","58","F"
"55","76","59","F"
"56","76","58","F"
"54","76","57","F"
"55","75","58","F"
"56","75","58","F"
"55","76","58","F"
"54","74","58","F"
"59","74","59","F"
"71","73","57","F"
"56","76","58","F"
"72","75","59","F"
"56","75","58","F"
"57","76","58","F"
"55","77","58","F"
"56","74","58","F"
"55","75","58","F"
"56","75","59","F"
"55","75","57","F"
"55","76","58","F"
"55","76","59","F"
"56","75","58","F"
"55","76","59","F"
"55","75","58","F"
"61","75","57","F"
"56","74","58","F"
"57","76","59","F"
"56","76","60","F"
"57","75","59","F"
"57","76","58","F"
"55","75","57","F"
"56","74","59","F"
"56","74","57","F"
"56","76","58","F"
"56","75","59","F"
"56","76","56","F"
"55","75","59","F"
"56","76","59","F"
"56","75","60","F"
"56","75","59","F"
"56","76","58","F"
"56","75","58","F"
"56","75","58","F"
"56","75","59","F"
"56","75","59","F"
"56","76","58","F"
"57","75","58","F"
"56","77","58","F"
"56","76","58","F"
"55","76","59","F"
"56","76","59","F"
"56","76","57","F"
"56","77","59","F"
"57","76","59","F"
"56","77","59","F"
"56","76","59","F"
"57","74","59","F"
"62","75","59","F"
"58","75","58","F"
"59","72","58","F"
"59","75","58","F"
"61","72","59","F"
"58","74","60","F"
"63","75","55","F"
"59","70","55","F"
"59","73","60","F"
"69","73","58","F"
"63","72","58","F"
"64","73","61","F"
"65","69","63","F"
"62","70","63","F"
"64","71","62","F"
"65","70","62","F"
"64","70","63","F"
"64","70","63","F"
"65","70","63","F"
"65","70","62","F"
"64","70","64","F"
"63","69","64","F"
"64","70","63","F"
"63","71","63","F"
"64","70","64","F"
"63","71","63","F"
"64","72","63","F"
"63","70","64","F"
"65","69","63","F"
"63","69","64","F"
"63","69","64","F"
"64","70","63","F"
"65","73","63","F"
"64","71","63","F"
"63","71","64","F"
"64","70","63","F"
"64","72","63","F"
"63","71","63","F"
"63","71","63","F"
"63","71","63","F"
"66","71","63","F"
"64","70","62","F"
"63","71","64","F"
"64","70","63","F"
"63","69","64","F"
"63","69","64","F"
"64","69","63","F"
"62","69","63","F"
"62","69","62","F"
"62","70","64","F"
"63","68","62","F"
"64","67","64","F"
"64","70","64","F"
"63","70","63","F"
"64","69","63","F"
"65","70","62","F"
"61","70","63","F"
"61","69","62","F"
"65","69","63","F"
"65","70","62","F"
"65","70","63","F"
"66","69","62","F"
"65","70","64","F"
"64","70","64","F"
"64","69","63","F"
"64","69","62","F"
"66","70","62","F"
"64","69","63","F"
"63","70","62","F"
"65","69","63","F"
"62","69","64","F"
"63","70","62","F"
"63","70","63","F"
"64","69","63","F"
"62","70","63","F"
"63","70","63","F"
"64","69","64","F"
"64","70","64","F"
"64","70","65","F"
"64","70","63","F"
"63","69","63","F"
"64","69","62","F"
"63","69","61","F"
"65","68","62","F"
"65","70","63","F"
"66","70","63","F"
"66","70","63","F"
"66","69","62","F"
"67","70","62","F"
"68","70","62","F"
"66","70","63","F"
"67","70","62","F"
"68","70","63","F"
"66","71","63","F"
"68","69","64","F"
"66","71","63","F"
"67","70","63","F"
"66","69","63","F"
"66","70","65","F"
"64","70","62","F"
"63","69","63","F"
"63","70","63","F"
"63","70","63","F"
"62","70","64","F"
"65","70","63","F"
"63","70","63","F"
"64","69","62","F"
"65","70","63","F"
"64","70","63","F"
"65","71","63","F"
"63","70","63","F"
"64","70","63","F"
"63","70","63","F"
"64","69","64","F"
"63","68","63","F"
"63","70","64","F"
"64","72","63","F"
"64","70","63","F"
"64","70","63","F"
"64","71","62","F"
"65","71","63","F"
"65","70","63","F"
"64","70","62","F"
"64","71","62","F"
"64","71","62","F"
"64","71","62","F"
"63","70","62","F"
"64","69","63","F"
"65","69","62","F"
"64","69","63","F"
"65","70","62","F"
"65","69","62","F"
"65","70","62","F"
"63","70","62","F"
"65","70","64","F"
"64","70","62","F"
"64","71","63","F"
"64","70","63","F"
"65","69","63","F"
"58","73","62","F"
"59","73","64","F"
"58","75","63","F"
"58","74","62","F"
"58","75","64","F"
"58","74","64","F"
"59","75","63","F"
"59","75","64","F"
"59","75","64","F"
"59","75","65","F"
"59","75","64","F"
"59","74","64","F"
"60","75","64","F"
"58","74","66","F"
"53","73","64","F"
"68","74","66","F"
"53","75","64","F"
"53","74","65","F"
"55","74","65","F"
"53","74","65","F"
"54","74","66","F"
"55","75","65","F"
"69","76","65","F"
"53","75","63","F"
"53","75","65","F"
"53","75","66","F"
"53","75","63","F"
"68","74","66","F"
"53","74","66","F"
"53","75","65","F"
"54","75","66","F"
"53","74","65","F"
"52","75","66","F"
"53","74","65","F"
"52","75","68","F"
"53","75","65","F"
"53","74","66","F"
"54","75","68","F"
"53","76","65","F"
"54","74","63","F"
"53","75","66","F"
"53","75","63","F"
"54","75","64","F"
"54","75","66","F"
"53","75","68","F"
"54","75","65","F"
"53","75","65","F"
"54","75","64","F"
"53","75","63","F"
"53","74","64","F"
"54","75","67","F"
"54","75","64","F"
"68","76","64","F"
"60","75","65","F"
"59","74","64","F"
"60","75","66","F"
"59","76","65","F"
"58","74","65","F"
"59","74","64","F"
"59","74","64","F"
"58","74","63","F"
"59","73","64","F"
"58","74","66","F"
"59","73","64","F"
"59","74","63","F"
"60","73","64","F"
"60","73","65","F"
"59","75","64","F"
"59","74","67","F"
"59","72","65","F"
"59","75","64","F"
"59","75","66","F"
"59","73","66","F"
"59","74","67","F"
"59","74","67","F"
"59","73","67","F"
"59","75","67","F"
"59","73","67","F"
"59","74","66","F"
"59","73","66","F"
"58","75","67","F"
"60","74","67","F"
"61","72","64","F"
"63","78","62","F"
"51","66","61","F"
"61","69","60","F"
"52","73","63","F"
"53","66","59","F"
"53","67","62","F"
"53","69","61","F"
"54","67","62","F"
"55","68","63","F"
"53","69","63","F"
"52","69","60","F"
"53","70","61","F"
"52","69","61","F"
"53","70","61","F"
"52","71","62","F"
"62","68","61","F"
"52","69","61","F"
"51","69","61","F"
"53","69","61","F"
"52","70","61","F"
"52","69","61","F"
"52","68","62","F"
"52","69","62","F"
"52","70","60","F"
"52","70","61","F"
"52","69","63","F"
"51","68","62","F"
"51","71","60","F"
"52","67","60","F"
"52","68","61","F"
"52","69","62","F"
"52","68","60","F"
"52","69","60","F"
"51","69","61","F"
"53","70","59","F"
"56","70","59","F"
"53","68","61","F"
"52","69","66","F"
"59","71","67","F"
"51","72","62","F"
"50","70","62","F"
"52","73","64","F"
"50","70","60","F"
"50","71","61","F"
"51","69","61","F"
"52","69","60","F"
"52","70","58","F"
"54","70","61","F"
"53","73","58","F"
"56","70","62","F"
"60","68","64","F"
"50","69","56","F"
"60","67","56","F"
"53","73","55","F"
"53","65","48","F"
"48","66","48","F"
"49","65","48","F"
"26","83","70","G"
"23","80","70","G"
"26","82","67","G"
"27","92","67","G"
"30","77","68","G"
"28","77","68","G"
"30","78","68","G"
"30","79","68","G"
"30","74","71","G"
"28","74","70","G"
"29","77","67","G"
"27","78","69","G"
"27","76","69","G"
"31","78","66","G"
"30","76","68","G"
"31","57","68","G"
"29","77","72","G"
"30","78","69","G"
"29","82","69","G"
"29","75","70","G"
"27","76","66","G"
"29","75","66","G"
"30","76","66","G"
"29","75","70","G"
"29","76","66","G"
"30","78","66","G"
"28","74","65","G"
"29","80","67","G"
"30","78","67","G"
"29","80","67","G"
"29","82","62","G"
"27","84","62","G"
"28","79","66","G"
"26","76","65","G"
"30","77","66","G"
"29","77","72","G"
"29","77","70","G"
"27","78","70","G"
"29","76","68","G"
"29","77","69","G"
"28","76","67","G"
"30","65","67","G"
"29","76","69","G"
"28","79","69","G"
"29","80","69","G"
"28","77","69","G"
"29","76","69","G"
"30","79","68","G"
"29","77","69","G"
"25","80","70","G"
"29","80","69","G"
"29","76","67","G"
"25","79","69","G"
"26","79","63","G"
"26","79","64","G"
"27","79","64","G"
"27","88","63","G"
"24","84","63","G"
"30","84","60","G"
"29","79","60","G"
"31","78","64","G"
"38","77","60","G"
"36","80","59","G"
"32","80","61","G"
"32","80","61","G"
"34","75","60","G"
"32","76","60","G"
"33","79","62","G"
"33","79","61","G"
"33","77","62","G"
"31","77","62","G"
"30","72","61","G"
"30","73","59","G"
"31","73","58","G"
"32","75","59","G"
"31","75","59","G"
"33","76","61","G"
"36","77","60","G"
"38","63","60","G"
"36","57","60","G"
"33","71","59","G"
"32","73","60","G"
"33","72","60","G"
"32","72","60","G"
"47","72","60","G"
"33","72","60","G"
"33","72","60","G"
"33","72","60","G"
"32","71","60","G"
"33","72","59","G"
"32","72","57","G"
"33","72","60","G"
"32","72","59","G"
"33","73","60","G"
"32","73","60","G"
"32","73","61","G"
"32","74","59","G"
"33","72","59","G"
"33","73","61","G"
"31","72","60","G"
"33","71","60","G"
"33","73","60","G"
"33","72","59","G"
"33","72","60","G"
"33","72","60","G"
"32","73","58","G"
"33","73","60","G"
"33","72","60","G"
"32","72","60","G"
"33","72","58","G"
"32","71","58","G"
"32","72","60","G"
"32","72","60","G"
"32","72","59","G"
"32","72","62","G"
"32","72","59","G"
"33","71","59","G"
"32","73","59","G"
"31","73","60","G"
"31","72","59","G"
"30","72","60","G"
"31","74","60","G"
"31","73","59","G"
"31","73","60","G"
"30","72","60","G"
"30","71","60","G"
"31","71","60","G"
"31","71","59","G"
"31","72","60","G"
"31","75","60","G"
"30","72","61","G"
"31","72","59","G"
"31","72","61","G"
"32","73","59","G"
"33","74","59","G"
"30","75","59","G"
"27","69","59","G"
"27","68","70","G"
"26","71","63","G"
"26","74","63","G"
"25","74","68","G"
"26","74","68","G"
"26","73","68","G"
"26","73","68","G"
"27","73","67","G"
"26","72","68","G"
"27","72","68","G"
"27","66","60","G"
"26","51","62","G"
"26","65","59","G"
"28","65","60","G"
"27","67","61","G"
"27","64","60","G"
"26","69","64","G"
"27","71","63","G"
"26","73","63","G"
"27","73","67","G"
"27","73","67","G"
"27","73","68","G"
"26","73","68","G"
"27","72","71","G"
"26","73","67","G"
"27","72","68","G"
"27","73","67","G"
"26","73","68","G"
"27","74","68","G"
"27","74","67","G"
"28","72","67","G"
"26","73","67","G"
"26","73","66","G"
"26","72","67","G"
"28","72","67","G"
"27","72","67","G"
"27","73","67","G"
"27","73","67","G"
"26","73","69","G"
"25","73","67","G"
"27","74","68","G"
"27","73","67","G"
"27","76","68","G"
"27","73","68","G"
"27","72","67","G"
"27","72","68","G"
"27","73","68","G"
"26","73","68","G"
"26","73","67","G"
"26","73","67","G"
"26","73","67","G"
"27","73","67","G"
"26","74","67","G"
"27","73","67","G"
"27","72","67","G"
"27","75","67","G"
"27","72","67","G"
"27","78","70","G"
"26","73","68","G"
"27","73","67","G"
"27","73","67","G"
"26","74","67","G"
"26","73","67","G"
"27","74","67","G"
"27","74","69","G"
"26","73","67","G"
"26","72","68","G"
"26","76","67","G"
"26","77","67","G"
"27","73","67","G"
"27","73","68","G"
"26","73","67","G"
"26","72","68","G"
"27","73","68","G"
"25","73","68","G"
"26","74","67","G"
"27","74","67","G"
"26","72","68","G"
"26","74","67","G"
"26","73","64","G"
"27","73","68","G"
"27","74","67","G"
"26","76","67","G"
"26","74","69","G"
"26","73","68","G"
"27","73","67","G"
"27","72","68","G"
"26","72","69","G"
"26","73","68","G"
"26","72","67","G"
"26","73","67","G"
"27","73","67","G"
"26","72","68","G"
"28","76","68","G"
"26","73","67","G"
"27","72","68","G"
"26","72","68","G"
"26","73","67","G"
"27","74","67","G"
"27","50","68","G"
"26","74","68","G"
"27","73","68","G"
"27","74","68","G"
"26","73","67","G"
"26","73","67","G"
"27","77","67","G"
"27","76","68","G"
"26","77","67","G"
"25","73","67","G"
"26","74","67","G"
"27","74","67","G"
"26","72","67","G"
"26","75","70","G"
"26","68","64","G"
"26","69","62","G"
"18","72","64","G"
"21","69","62","G"
"20","68","62","G"
"17","67","64","G"
"17","67","60","G"
"15","71","66","G"
"17","69","63","G"
"16","67","61","G"
"16","68","62","G"
"16","69","60","G"
"15","68","61","G"
"16","68","64","G"
"17","68","61","G"
"17","68","60","G"
"19","68","61","G"
"16","68","60","G"
"16","68","63","G"
"16","68","62","G"
"18","68","60","G"
"17","68","65","G"
"17","68","62","G"
"16","68","63","G"
"16","67","60","G"
"17","68","62","G"
"15","67","63","G"
"18","67","60","G"
"16","68","61","G"
"17","68","63","G"
"19","69","60","G"
"17","67","63","G"
"18","68","60","G"
"18","68","62","G"
"16","68","62","G"
"18","68","61","G"
"15","68","64","G"
"15","68","60","G"
"14","67","60","G"
"15","68","61","G"
"17","69","61","G"
"17","68","60","G"
"18","67","63","G"
"16","67","59","G"
"17","68","64","G"
"18","69","60","G"
"15","68","64","G"
"15","67","61","G"
"15","67","61","G"
"14","68","62","G"
"15","68","61","G"
"15","68","63","G"
"17","68","60","G"
"16","68","64","G"
"16","68","60","G"
"16","68","64","G"
"16","68","64","G"
"16","68","64","G"
"18","67","62","G"
"18","68","62","G"
"15","67","64","G"
"16","68","63","G"
"15","67","61","G"
"16","68","61","G"
"16","68","65","G"
"16","68","62","G"
"15","68","57","G"
"17","68","61","G"
"16","69","66","G"
"16","69","63","G"
"16","68","62","G"
"18","68","61","G"
"16","69","62","G"
"17","67","61","G"
"17","69","61","G"
"15","68","60","G"
"18","67","72","G"
"16","67","60","G"
"18","67","63","G"
"17","67","65","G"
"15","67","64","G"
"18","67","60","G"
"15","67","60","G"
"18","69","62","G"
"18","68","62","G"
"18","68","64","G"
"15","68","61","G"
"16","68","60","G"
"15","69","61","G"
"18","68","65","G"
"16","68","61","G"
"15","68","66","G"
"17","69","61","G"
"18","68","56","G"
"14","67","64","G"
"16","69","61","G"
"16","68","60","G"
"17","68","61","G"
"18","68","63","G"
"18","68","63","G"
"17","68","62","G"
"18","68","64","G"
"17","69","60","G"
"17","68","63","G"
"15","68","63","G"
"16","69","64","G"
"18","70","69","G"
"17","74","69","G"
"16","74","62","G"
"34","67","58","G"
"45","74","68","G"
"41","78","64","G"
"42","81","62","G"
"38","81","64","G"
"41","81","62","G"
"41","80","63","G"
"40","81","63","G"
"45","79","63","G"
"43","81","64","G"
"41","78","62","G"
"41","82","63","G"
"39","80","64","G"
"34","80","66","G"
"39","79","63","G"
"35","80","66","G"
"44","81","66","G"
"39","81","66","G"
"34","82","66","G"
"35","81","65","G"
"40","81","66","G"
"34","81","66","G"
"36","62","66","G"
"40","79","68","G"
"39","82","68","G"
"40","81","66","G"
"39","77","67","G"
"34","77","68","G"
"35","79","67","G"
"35","79","67","G"
"35","78","66","G"
"34","79","65","G"
"35","79","66","G"
"35","80","66","G"
"35","80","66","G"
"38","80","66","G"
"40","82","67","G"
"34","84","66","G"
"43","79","66","G"
"35","82","66","G"
"36","81","66","G"
"35","81","65","G"
"36","82","64","G"
"35","81","66","G"
"36","80","66","G"
"35","81","66","G"
"36","81","66","G"
"35","82","66","G"
"35","81","66","G"
"36","81","66","G"
"35","81","66","G"
"35","81","66","G"
"36","82","66","G"
"36","82","65","G"
"35","79","65","G"
"36","81","65","G"
"36","82","66","G"
"34","82","65","G"
"36","80","65","G"
"36","82","66","G"
"35","82","66","G"
"36","80","64","G"
"37","80","65","G"
"34","80","64","G"
"35","82","66","G"
"36","80","65","G"
"41","83","65","G"
"36","80","65","G"
"35","80","65","G"
"34","79","64","G"
"40","81","64","G"
"41","80","67","G"
"36","81","66","G"
"37","82","65","G"
"41","81","65","G"
"37","82","66","G"
"37","81","65","G"
"35","80","66","G"
"38","82","65","G"
"36","82","64","G"
"35","82","66","G"
"37","79","65","G"
"35","82","65","G"
"36","81","65","G"
"36","80","65","G"
"37","80","65","G"
"36","81","65","G"
"37","81","66","G"
"36","81","64","G"
"37","80","65","G"
"35","82","66","G"
"36","80","65","G"
"36","81","66","G"
"35","81","65","G"
"36","81","65","G"
"35","80","65","G"
"37","80","66","G"
"36","81","65","G"
"36","81","65","G"
"35","81","65","G"
"36","81","65","G"
"36","80","65","G"
"34","80","66","G"
"35","82","66","G"
"35","82","65","G"
"35","80","65","G"
"36","81","64","G"
"37","82","64","G"
"35","82","64","G"
"35","82","66","G"
"37","82","66","G"
"36","81","67","G"
"35","82","65","G"
"36","80","67","G"
"47","88","69","G"
"47","69","61","G"
"39","69","57","G"
"52","69","58","G"
"48","69","58","G"
"66","68","57","G"
"47","69","57","G"
"47","69","57","G"
"47","69","57","G"
"47","68","57","G"
"47","70","57","G"
"47","68","58","G"
"48","69","58","G"
"50","70","58","G"
"47","70","58","G"
"47","69","58","G"
"52","69","58","G"
"47","69","57","G"
"47","69","57","G"
"47","69","58","G"
"47","68","57","G"
"47","69","58","G"
"47","69","58","G"
"52","69","57","G"
"47","68","58","G"
"47","69","57","G"
"52","69","59","G"
"47","69","58","G"
"65","68","58","G"
"46","69","57","G"
"47","69","58","G"
"47","68","58","G"
"47","69","57","G"
"47","69","58","G"
"47","69","57","G"
"47","69","58","G"
"48","69","58","G"
"47","68","57","G"
"46","67","58","G"
"47","69","58","G"
"54","69","58","G"
"47","70","58","G"
"48","70","58","G"
"47","69","58","G"
"48","70","57","G"
"47","70","58","G"
"48","70","58","G"
"47","69","57","G"
"47","70","58","G"
"47","69","57","G"
"47","69","58","G"
"46","70","58","G"
"47","67","60","G"
"47","70","57","G"
"66","68","56","G"
"46","69","61","G"
"51","69","59","G"
"46","70","59","G"
"47","69","58","G"
"47","68","59","G"
"47","68","59","G"
"47","68","58","G"
"47","69","59","G"
"47","69","58","G"
"47","69","58","G"
"46","69","58","G"
"47","69","58","G"
"46","68","59","G"
"47","69","58","G"
"47","68","58","G"
"47","69","58","G"
"47","66","59","G"
"46","67","59","G"
"47","68","59","G"
"47","68","58","G"
"47","69","58","G"
"47","69","59","G"
"46","68","58","G"
"46","69","59","G"
"48","68","59","G"
"47","69","58","G"
"48","68","59","G"
"48","69","58","G"
"47","69","59","G"
"48","71","58","G"
"47","69","58","G"
"47","69","58","G"
"47","68","58","G"
"47","69","59","G"
"47","68","58","G"
"47","69","59","G"
"47","69","58","G"
"47","70","59","G"
"47","68","59","G"
"48","68","59","G"
"47","68","59","G"
"47","69","59","G"
"47","69","60","G"
"45","68","59","G"
"45","71","61","H"
"42","68","63","H"
"45","69","64","H"
"47","69","62","H"
"46","69","62","H"
"45","69","62","H"
"45","69","64","H"
"46","69","63","H"
"46","70","63","H"
"46","69","63","H"
"45","69","63","H"
"45","69","64","H"
"46","69","63","H"
"53","69","63","H"
"46","70","63","H"
"52","67","64","H"
"46","68","62","H"
"47","69","62","H"
"46","68","62","H"
"45","69","60","H"
"47","69","61","H"
"45","69","63","H"
"46","70","63","H"
"46","70","64","H"
"45","68","62","H"
"52","69","62","H"
"45","69","63","H"
"47","69","62","H"
"45","69","61","H"
"45","68","63","H"
"46","68","62","H"
"45","69","63","H"
"45","69","62","H"
"46","70","63","H"
"45","69","59","H"
"45","69","62","H"
"45","69","62","H"
"48","69","62","H"
"46","69","62","H"
"45","69","63","H"
"46","69","63","H"
"46","70","62","H"
"45","69","62","H"
"47","69","62","H"
"46","69","63","H"
"45","66","63","H"
"44","70","63","H"
"45","70","62","H"
"45","69","62","H"
"45","68","63","H"
"48","70","62","H"
"53","69","63","H"
"46","65","63","H"
"48","69","63","H"
"45","70","63","H"
"45","71","63","H"
"46","69","62","H"
"45","69","64","H"
"46","69","62","H"
"45","69","62","H"
"47","69","63","H"
"46","70","63","H"
"46","69","61","H"
"46","69","63","H"
"45","69","63","H"
"45","69","63","H"
"40","69","61","H"
"39","68","61","H"
"40","68","62","H"
"38","68","62","H"
"46","69","63","H"
"39","68","63","H"
"41","69","63","H"
"42","68","62","H"
"39","69","62","H"
"40","68","62","H"
"41","68","62","H"
"38","69","62","H"
"39","69","61","H"
"40","69","61","H"
"45","72","63","H"
"46","69","63","H"
"39","64","63","H"
"43","68","62","H"
"38","68","62","H"
"45","68","62","H"
"42","69","63","H"
"39","68","60","H"
"45","68","61","H"
"39","64","64","H"
"46","69","64","H"
"38","69","62","H"
"40","68","62","H"
"39","69","62","H"
"46","69","63","H"
"44","69","63","H"
"41","69","63","H"
"38","69","63","H"
"39","65","63","H"
"41","69","63","H"
"45","71","63","H"
"45","69","62","H"
"45","69","63","H"
"39","68","63","H"
"45","69","64","H"
"46","69","64","H"
"42","68","63","H"
"40","70","63","H"
"39","62","54","H"
"28","64","68","H"
"44","67","67","H"
"32","67","71","H"
"30","67","67","H"
"30","68","67","H"
"30","67","66","H"
"30","67","67","H"
"30","67","73","H"
"29","68","68","H"
"30","68","68","H"
"30","67","66","H"
"30","67","69","H"
"31","65","67","H"
"30","67","67","H"
"30","67","67","H"
"30","66","68","H"
"30","67","67","H"
"30","68","67","H"
"31","68","69","H"
"29","67","69","H"
"30","68","69","H"
"30","67","68","H"
"31","67","68","H"
"30","66","69","H"
"30","66","68","H"
"31","68","70","H"
"29","67","68","H"
"30","67","68","H"
"30","67","69","H"
"30","67","68","H"
"33","67","68","H"
"29","68","69","H"
"31","64","68","H"
"30","64","68","H"
"31","67","69","H"
"31","67","68","H"
"30","67","69","H"
"30","67","68","H"
"29","67","67","H"
"30","67","68","H"
"30","67","68","H"
"30","67","69","H"
"30","67","68","H"
"29","66","68","H"
"30","67","67","H"
"30","66","68","H"
"30","67","69","H"
"30","68","68","H"
"30","68","69","H"
"29","68","68","H"
"30","68","68","H"
"31","67","68","H"
"35","68","68","H"
"30","67","68","H"
"30","67","68","H"
"35","67","68","H"
"30","67","69","H"
"30","66","68","H"
"30","67","67","H"
"30","68","68","H"
"47","67","67","H"
"29","67","68","H"
"36","67","67","H"
"30","67","68","H"
"31","67","67","H"
"32","67","67","H"
"30","66","66","H"
"30","64","68","H"
"30","67","68","H"
"30","67","67","H"
"30","67","69","H"
"29","67","68","H"
"33","67","69","H"
"29","58","66","H"
"33","68","70","H"
"30","67","69","H"
"31","67","68","H"
"30","58","69","H"
"29","67","68","H"
"32","66","69","H"
"29","67","69","H"
"31","68","69","H"
"30","67","69","H"
"29","68","71","H"
"30","68","71","H"
"30","67","72","H"
"30","68","71","H"
"30","67","71","H"
"30","68","70","H"
"30","67","68","H"
"30","68","67","H"
"29","68","68","H"
"40","68","66","H"
"40","61","68","H"
"27","68","60","H"
"32","60","69","H"
"32","61","70","H"
"33","61","68","H"
"36","65","62","H"
"35","74","73","H"
"27","64","66","H"
"30","68","70","H"
"31","67","65","H"
"32","67","68","H"
"44","67","69","H"
"31","68","70","H"
"32","67","69","H"
"25","70","67","H"
"24","68","68","H"
"31","67","68","H"
"25","68","71","H"
"25","68","68","H"
"25","67","67","H"
"25","67","69","H"
"25","67","69","H"
"24","67","68","H"
"27","48","68","H"
"24","68","69","H"
"25","49","68","H"
"26","48","68","H"
"31","67","69","H"
"24","68","69","H"
"24","68","70","H"
"30","68","70","H"
"30","68","69","H"
"30","67","63","H"
"28","68","62","H"
"25","67","66","H"
"31","68","61","H"
"28","67","62","H"
"25","67","62","H"
"23","68","65","H"
"24","67","63","H"
"25","67","66","H"
"26","67","61","H"
"24","67","61","H"
"29","67","62","H"
"25","67","62","H"
"30","66","63","H"
"28","68","63","H"
"26","68","61","H"
"25","68","62","H"
"24","68","62","H"
"25","55","63","H"
"26","68","62","H"
"24","67","62","H"
"24","68","60","H"
"25","66","62","H"
"25","68","62","H"
"28","67","62","H"
"31","67","61","H"
"25","68","62","H"
"28","68","61","H"
"24","68","61","H"
"24","67","62","H"
"25","67","61","H"
"24","49","62","H"
"24","68","62","H"
"24","67","62","H"
"28","68","61","H"
"25","67","62","H"
"24","68","62","H"
"27","68","63","H"
"24","68","62","H"
"25","68","61","H"
"25","54","62","H"
"30","68","70","H"
"25","68","70","H"
"24","69","69","H"
"34","69","75","H"
"32","64","65","H"
"23","70","67","H"
"25","77","67","H"
"31","77","71","H"
"29","77","69","H"
"27","77","69","H"
"28","77","70","H"
"28","76","75","H"
"23","73","75","H"
"30","73","70","H"
"21","76","72","H"
"30","72","68","H"
"30","72","67","H"
"26","74","71","H"
"25","67","67","H"
"26","69","68","H"
"31","66","64","H"
"31","68","69","H"
"37","69","69","H"
"31","67","68","H"
"31","67","70","H"
"33","71","63","H"
"31","70","64","H"
"33","77","71","H"
"32","77","66","H"
"34","78","65","H"
"31","76","67","H"
"32","84","64","H"
"34","77","66","H"
"32","75","65","H"
"31","77","65","H"
"33","76","66","H"
"33","77","65","H"
"32","75","66","H"
"33","75","65","H"
"33","77","66","H"
"33","77","66","H"
"33","76","65","H"
"34","77","66","H"
"42","76","65","H"
"41","82","66","H"
"40","77","65","H"
"40","76","65","H"
"39","77","65","H"
"41","82","66","H"
"40","76","65","H"
"39","76","66","H"
"38","76","66","H"
"40","82","65","H"
"36","76","65","H"
"42","76","66","H"
"39","83","64","H"
"37","76","61","H"
"41","76","66","H"
"38","77","66","H"
"40","75","65","H"
"38","76","66","H"
"41","77","65","H"
"40","91","66","H"
"41","76","65","H"
"41","76","65","H"
"40","62","65","H"
"39","75","65","H"
"41","76","66","H"
"44","62","65","H"
"40","76","65","H"
"40","76","65","H"
"38","76","66","H"
"41","76","65","H"
"39","82","65","H"
"40","77","65","H"
"39","77","65","H"
"41","76","64","H"
"37","77","64","H"
"41","77","66","H"
"39","78","61","H"
"36","74","62","H"
"40","74","63","H"
"39","64","64","H"
"41","62","66","H"
"42","80","63","H"
"39","76","64","H"
"39","77","64","H"
"39","76","64","H"
"41","78","64","H"
"40","81","66","H"
"38","80","66","H"
"35","79","66","H"
"39","78","66","H"
"42","78","65","H"
"40","95","65","H"
"41","76","65","H"
"41","76","64","H"
"38","77","66","H"
"41","76","66","H"
"39","75","64","H"
"44","78","66","H"
"41","79","64","H"
"38","77","64","H"
"41","77","64","H"
"38","77","63","H"
"41","77","68","H"
"41","76","65","H"
"42","75","66","H"
"40","76","66","H"
"41","75","65","H"
"36","76","65","H"
"42","75","64","H"
"39","75","65","H"
"40","75","65","H"
"39","75","67","H"
"41","77","65","H"
"38","76","66","H"
"37","76","66","H"
"38","80","66","H"
"38","72","64","H"
"37","75","64","H"
"36","75","63","H"
"38","76","66","H"
"36","76","66","H"
"35","76","67","H"
"35","76","66","H"
"35","77","67","H"
"35","77","66","H"
"40","78","66","H"
"37","75","65","H"
"39","75","68","H"
"38","81","64","H"
"45","75","51","H"
"45","65","51","H"
"48","66","51","H"
"48","64","50","H"
"48","69","50","H"
"50","70","50","H"
"60","68","49","H"
"49","66","50","H"
"49","66","50","H"
"47","66","51","H"
"47","66","50","H"
"47","65","49","H"
"61","64","50","H"
"48","66","50","H"
"47","66","50","H"
"60","67","50","H"
"48","66","50","H"
"47","67","50","H"
"48","63","51","H"
"48","67","50","H"
"46","67","49","H"
"47","67","50","H"
"60","66","49","H"
"47","65","50","H"
"47","66","50","H"
"61","66","50","H"
"47","67","50","H"
"47","65","50","H"
"50","66","51","H"
"60","66","50","H"
"48","66","50","H"
"50","66","50","H"
"47","65","50","H"
"49","66","50","H"
"48","67","50","H"
"48","65","50","H"
"49","65","50","H"
"47","66","50","H"
"61","66","50","H"
"49","66","49","H"
"48","66","50","H"
"50","66","50","H"
"48","67","50","H"
"48","66","50","H"
"50","66","50","H"
"48","66","50","H"
"48","65","50","H"
"49","66","50","H"
"48","66","50","H"
"48","66","49","H"
"48","67","50","H"
"48","66","51","H"
"48","67","50","H"
"61","65","50","H"
"48","66","50","H"
"48","66","50","H"
"48","65","50","H"
"48","66","49","H"
"48","67","50","H"
"48","66","49","H"
"49","67","51","H"
"48","66","50","H"
"48","65","50","H"
"48","66","49","H"
"49","67","49","H"
"47","67","50","H"
"48","66","50","H"
"47","68","50","H"
"47","67","49","H"
"48","67","50","H"
"47","66","50","H"
"47","66","49","H"
"48","67","50","H"
"47","67","50","H"
"48","66","49","H"
"47","66","50","H"
"48","66","50","H"
"48","66","50","H"
"62","66","50","H"
"47","66","50","H"
"48","64","50","H"
"47","66","50","H"
"48","67","50","H"
"62","67","49","H"
"63","66","51","H"
"48","66","50","H"
"48","66","49","H"
"50","68","52","H"
"57","62","45","H"
"54","66","48","H"
"52","61","49","H"
"54","65","46","H"
"53","62","47","H"
